{
  "total": 634,
  "correct": 522,
  "accuracy": 0.8233438485804416,
  "precision": 0.7401058201058202,
  "recall": 0.7926942163811027,
  "f1": 0.7587814058402294,
  "invalid_pred": 6,
  "missing_gt": 0,
  "confusion_matrix": {
    "true_0_pred_0": 425,
    "true_0_pred_1": 78,
    "true_1_pred_0": 34,
    "true_1_pred_1": 97
  }
}