{
  "total": 640,
  "correct": 541,
  "accuracy": 0.8453125,
  "precision": 0.7660247294790017,
  "recall": 0.7897026724087075,
  "f1": 0.7765670457550912,
  "invalid_pred": 0,
  "missing_gt": 0,
  "confusion_matrix": {
    "true_0_pred_0": 448,
    "true_0_pred_1": 58,
    "true_1_pred_0": 41,
    "true_1_pred_1": 93
  }
}