{
  "total": 640,
  "correct": 544,
  "accuracy": 0.85,
  "precision": 0.7726742954015682,
  "recall": 0.8036399032505457,
  "f1": 0.7859979101358412,
  "invalid_pred": 0,
  "missing_gt": 0,
  "confusion_matrix": {
    "true_0_pred_0": 447,
    "true_0_pred_1": 59,
    "true_1_pred_0": 37,
    "true_1_pred_1": 97
  }
}